Soru,Cevap
Üniversitenin Kampüsleri nerede?,Ondokuz Mayıs Üniversitesinde 4 farklı yerleşke bulunmaktadır. Ana kampüsümüz Atakum'da bulunan Kurupelit Yerleşkesi'dir. Diğer kampüsler hakkında detaylı bilgi için https://www.omu.edu.tr/tr/universitemiz/yerleskeler adresini ziyaret edebilirsiniz.
Üniversite ne zaman kuruldu?,"Ondokuz Mayıs Üniversitesi, 1 Nisan 1975 tarihinde 1873 sayılı Kanun'la kurulmuş ve ilk olarak 50 öğrenci ile eğitim-öğretime başlamıştır."
Üniversitemizde Uluslararası öğrenci sayısı kaçtır ?,"Uluslararasılaşma konusunda büyük bir gayret gösteren üniversitemiz, 111 ülkeden 5510 uluslararası öğrenci sayısı ile Türkiye’deki tüm üniversiteler arasında en çok sayıda uluslararası öğrencisi olan ilk 5 üniversiteden biri olarak uluslararası bir üniversite olma yolunda emin adımlarla ilerlemektedir."
Ondokuz Mayıs Üniversitesinde kaç yabancı öğrenci bulunmakdatır. ?,"Uluslararasılaşma konusunda büyük bir gayret gösteren üniversitemiz, 111 ülkeden 5510 uluslararası öğrenci sayısı ile Türkiye’deki tüm üniversiteler arasında en çok sayıda uluslararası öğrencisi olan ilk 5 üniversiteden biri olarak uluslararası bir üniversite olma yolunda emin adımlarla ilerlemektedir."
Ondokuz Mayıs Üniversitesi dünyada kaçıncı sırada?,"Ondokuz Mayıs Üniversitesi, dünyada 11 bin 989 üniversitenin değerlendirildiği sıralamada 2022 yılında 1617'nci sıradayken, 2023 yılında 173 basamak yükselerek 1444'üncü oldu. Avrupa kıtasında ise 6 bin üniversite arasında 544'üncü sırada yer aldı."
Ondokuz Mayıs Üniversitesi Türkiyede kaçıncı sırada?,"İspanya'nın en büyük kamu araştırma kuruluşu olan Consejo Superior de Investigaciones Científicas'un (CSIC) oluşturduğu ""Webometrics Ranking of World Universities"" (Dünya Üniversitelerinin Webometrics Sıralaması) sonuçlarına göre ülkemizden 209 üniversitenin dâhil edildiği derecelendirme sisteminde, Ondokuz Mayıs Üniversitesi Türkiye'nin en başarılı 21'inci üniversitesi olurken, etki açısından ise en başarılı 18'inci üniversitesi seçildi."
Eğitim fakültesi ne zaman kuruldu ?,Ondokuz Mayıs Üniversitesinin en köklü fakültelerinden biri olan Eğitim Fakültesi'nin temelleri 1961 yılında atılmıştır.
Üniversitede kaç kampüs var?,Ondokuz Mayıs Üniversitesinde 4 farklı yerleşke bulunmaktadır. Ana kampüsümüz Atakum'da bulunan Kurupelit Yerleşkesi'dir. Diğer kampüsler hakkında detaylı bilgi için https://www.omu.edu.tr/tr/universitemiz/yerleskeler adresini ziyaret edebilirsiniz.
Üniversitenin ana yerleşkesi neresi ?,Ondokuz Mayıs Üniversitesinde 4 farklı yerleşke bulunmaktadır. Ana kampüsümüz Atakum'da bulunan Kurupelit Yerleşkesi'dir. Diğer kampüsler hakkında detaylı bilgi için https://www.omu.edu.tr/tr/universitemiz/yerleskeler adresini ziyaret edebilirsiniz.
Üniversitede kaç öğrenci var?,Üniversitemize kayıtlı yaklaşık 53000 öğrenci bulunmaktadır.
Üniversite yönetim kurulu üyeleri kimlerdir ?,https://www.omu.edu.tr/tr/yonetim/yonetim-kurulu Adresinden yönetim kurulu kadrosu hakkında bilgi sahibi olabilirsiniz.
Üniversite Rektör yardımcıları kimlerdir ?,"Ondokuz Mayıs Üniversitesi rektör yardımcıları Prof. Dr. Selim EREN, Prof. Dr. Sevim ALIŞIR ve Prof. Dr. Murat TERZİ'dir."
Üniversite Rektörü kim ?,Ondokuz Mayıs Üniversitesi rektörü Prof. Dr. Yavuz ÜNAL'dır.
Üniversite Rektör danışmanları kimlerdir ?,"Ondokuz Mayıs Üniversitesi rektör danışmanları Prof. Dr. Yavuz BAYRAM, Prof. Dr. Ramazan ÇAĞLAYAN, Prof. Dr. Nalan KIZILTAN, Prof. Dr. Zeliha KOÇ, Doç. Dr. Gökhan DEMİR ve Doç. Dr. Şener ŞENTÜRK'tür."
Üniversitede Senato kimlerden oluşmaktadır ?,https://www.omu.edu.tr/tr/yonetim/senato Adresinden senato kadrosu hakkında bilgi edinebilirsiniz.
"Hazırlık dersleri hangi kampüste, nerede veriliyor?",Üniversitemizde hazırlık öğrencilerinin dersleri İktisadi ve İdari Bilimler Fakültesinde Yabancı Diller Yüksekokulu binasında verilmektedir.
En yüksek puanlı bölüm hangisi?,2022 Yılı yerleştirmelerine göre en yüksek puanlı öğrencilerin girdiği bölüm Tıp(6 yıllık) bölümüdür.
Omü kampüsü kaç dönüm?,Ana yerleşke olan Kurupelit Yerleşkesi 8800 dönümlük bir alana sahiptir.
Öğle arası kaç saat sürüyor ?,12.00 - 13.00 saatleri arası üniversite genelinde öğle arası olmaktadır.
Öğrenci işlerinin öğle arası ne zaman?,12.00 - 13.00 saatleri arası üniversite genelinde öğle arası olmaktadır.
Okulda öğrencilerin de park yapabileceği bir otopark var mı?,Fakültelerin önlerinde öğrencilerin de park yapabileceği otoparklar bulunmaktadır. https://www.omu.edu.tr/tr/haritalar?h=park Adresinden otoparkların konumu hakkında bilgi sahibi olabilirsiniz.
Kampüste kaç adet atm var?,https://www.omu.edu.tr/tr/haritalar?h=atm Adresinden kampüsteki ATM'ler ver konumları hakkında bilgi sahibi olabilirsiniz.
Kampüste nereden para çekebilirim ?,https://www.omu.edu.tr/tr/haritalar?h=atm Adresinden kampüsteki ATM'ler ver konumları hakkında bilgi sahibi olabilirsiniz.
Üniversitenin idari birimleri nerede?,https://www.omu.edu.tr/tr/haritalar?h=idari Adresinden üniversitemizin idari birimler ve konumları hakkında bilgi sahibi olabilirsiniz.
Üniversitenin öğrenci işleri daire başkanlığı nerededir ?,https://www.omu.edu.tr/tr/haritalar?h=oidb Adresinden üniversitenin öğrenci işleri daire başkanlığının konumunu bulabilirsiniz.
Öğrenci işleri ile işim var binası nerede ?,https://www.omu.edu.tr/tr/haritalar?h=oidb Adresinden üniversitenin öğrenci işleri daire başkanlığının konumunu bulabilirsiniz.
Kampüste kablosuz ağ alanları bulunmakta mı ?,https://www.omu.edu.tr/tr/haritalar?h=ag Adresinden kampüslerdeki kablosuz ağ alanlarının konumları hakkında bilgi edinebilirsiniz.
Wifi alanları bulunuyor mu ?,https://www.omu.edu.tr/tr/haritalar?h=ag Adresinden kampüslerdeki kablosuz ağ alanlarının konumları hakkında bilgi edinebilirsiniz.
Uluslararası öğrenci kayıt merkezi nerede ?,https://www.omu.edu.tr/tr/haritalar?h=yos Adresinden uluslararası öğrenci kayıt merkezinin konumunu bulabilirsiniz.
Kampüste cami nerede ?,https://www.omu.edu.tr/tr/haritalar?h=diger Adresinden Ondokuz Mayıs Üniversitesi Cami konumu hakkında bilgi edinebilirsiniz.
Üniversitede cami bulunuyor mu ?,https://www.omu.edu.tr/tr/haritalar?h=diger Adresinden Ondokuz Mayıs Üniversitesi Cami konumu hakkında bilgi edinebilirsiniz.
OMÜ Atatürk Kongre ve Kültür Merkezi nerededir ?,https://www.omu.edu.tr/tr/haritalar?h=konferans Adresinden Atatürk Kongre ve Kültür Merkezinin konumunu bulabilirsiniz.
Üniversitede büyük bir konferans salonu var mı?,Kurupelit kampüsünde Atatürk Kongre ve Kültür Merkezi adında büyük bir konferans salonu bulunmaktadır.
Üniversitede Kütüphane var mı ?,Kurupelit kampüsünde OMÜ Merkez Kütüphanesi adında büyük bir kütüphane bulunmaktadır.
Kütüphane nerede?,https://www.omu.edu.tr/tr/haritalar?h=kutuphane Adresinden OMÜ Merkez Kütüphanesinin konumu hakkında bilgi edinebilirsiniz.
Kampüste kaç tane yurt var ?,https://www.omu.edu.tr/tr/haritalar?h=binalar Adresinden kampüs içerisindeki yurtlar ve konumları hakkında bilgi edinebilirsiniz .
Kampüsün içinde yurt var mı ?,https://www.omu.edu.tr/tr/haritalar?h=binalar Adresinden kampüs içerisindeki yurtlar ve konumları hakkında bilgi edinebilirsiniz .
Kampüsteki yurtlar nerede ?,https://www.omu.edu.tr/tr/haritalar?h=binalar Adresinden kampüs içerisindeki yurtlar ve konumları hakkında bilgi edinebilirsiniz .
Üniversitede kaç adet laboratuvar var?,Ondokuz Mayıs Üniversitesinde yaklaşık 255 laboratuvar bulunmaktadır. https://labsis.omu.edu.tr/labs adresinde üniversitemizdeki laboratuvarlar ve içerdikleri cihazların listesi bulunmaktadır. Bu listeyi inceleyip laboratuvarlar hakkında bilgi sahibi olabilirsiniz.
Laboratuvar ortamı yeterli mi?,Ondokuz Mayıs Üniversitesinde yaklaşık 255 laboratuvar bulunmaktadır. https://labsis.omu.edu.tr/labs adresinde üniversitemizdeki laboratuvarlar ve içerdikleri cihazların listesi bulunmaktadır. Bu listeyi inceleyip laboratuvarlar hakkında bilgi sahibi olabilirsiniz.
Okulda bilgisayar laboratuarı var mı ?,https://www.omu.edu.tr/tr/haritalar?h=laboratuvar Adresinden bilgisayar laboratuvarlarının konumu hakkında bilgi edinebilirsiniz.
Elektrik Mühendisliği bölümü dersleri nerede işliyor.?,Üniversitemizin Mühendislik bölümü öğrencileri Kurupelit Yerleşkesindeki Mühendislik Fakültesinde derslerini görmektedir.
Bilgisayar Mühendisliği nerede?,Üniversitemizin Mühendislik bölümü öğrencileri Kurupelit Yerleşkesindeki Mühendislik Fakültesinde derslerini görmektedir.
Makine mühendisliği hangi kampüste ?,Üniversitemizin Mühendislik bölümü öğrencileri Kurupelit Yerleşkesindeki Mühendislik Fakültesinde derslerini görmektedir.
Üniversitelerde en çok tercih edilen bölüm nedir?,"Üniversitemizde Tıp, Diş Hekimliği, Mühendislik ve Eğitim fakültelerine yoğun ilgi bulunmaktadır."
Kampüs içi ringler ücretli mi?,Kampüs içi ringler bulunmamaktadır. Kampüs içerisinde belediye otobüsleri ile ulaşım sağlanmaktadır. Belediye otobüsleri ücretlidir.
Kampüse ulaşım nasıl?,"Kurupelit kampüsü ulaşım açısından avantajlı bir yerdir. Kampüse ulaşım için raylı sistem, belediye otobüsü ve dolmuş seçeneklerini kullanabilirsiniz."
Okula nasıl giderim?,"Kurupelit kampüsü ulaşım açısından avantajlı bir yerdir. Kampüse ulaşım için raylı sistem, belediye otobüsü ve dolmuş seçeneklerini kullanabilirsiniz."
Üniversiteye hangi ulaşım yolları ile giderim?,"Kurupelit kampüsü ulaşım açısından avantajlı bir yerdir. Kampüse ulaşım için raylı sistem, belediye otobüsü ve dolmuş seçeneklerini kullanabilirsiniz."
OMÜ Kurupelit kampüsüne nasıl giderim?,"Kurupelit kampüsü ulaşım açısından avantajlı bir yerdir. Kampüse ulaşım için raylı sistem, belediye otobüsü ve dolmuş seçeneklerini kullanabilirsiniz."
Kampüste nereden çıktı alabilirim?,Yaşam merkezinde öğrencilerin belli bir ücret karşılığında çıktı alabilecekleri yerler mevcuttur.
Hangi Takımlısın,Çaykur Rizespor
Kampüste kırtasiye var mı?,Kurupelit kampüsündeki yaşam merkezinde bir kırtasiye bulunmaktadır.
Kampüsteki şikayetlerimi nereye iletmeliyim?,Ondokuz Mayıs Üniversitesi ile ilgili şikayetlerinizi 0 (362) 312 19 40 nolu öğrenci danışma hattına iletebilirsiniz.
Üniversitenin kampüsü hakkında görüşleriniz nelerdir?,"Büyük, doğayla iç içe ve güzel bi kampüse sahip olduğumuzu düşünüyorum."
Üniversitede spor yapabileceğim yerler var mı?,https://www.omu.edu.tr/tr/haritalar?h=sporalanlari Adresinden kampüslerimizdeki spor alanları ve konumları hakkında bilgi edinebilirsiniz.
Kampüste spor salonu var mı?,https://www.omu.edu.tr/tr/haritalar?h=sporalanlari Adresinden kampüslerimizdeki spor alanları ve konumları hakkında bilgi edinebilirsiniz.
Üniversitede spor alanları bulunuyor mu ?,https://www.omu.edu.tr/tr/haritalar?h=sporalanlari Adresinden kampüslerimizdeki spor alanları ve konumları hakkında bilgi edinebilirsiniz.
Okula giden otobüsler ne sıklıkla kalkıyor?,"Okula giden otobüsler her 15 dakikada bir , tramvaylar ise 10 dakikada bir kalkmaktadır."
Yemekhane var mı?,Kampüs içinde 6 adet yemekhane-kantin bulunmaktadır. https://www.omu.edu.tr/tr/haritalar?h=yemekhane sitesinden bu yemekhanelerin konumlarına bakabilirsiniz. Ayrıca bunlara ek olarak yaşam merkezinde de yemek yiyebileceğiniz yerler mevcuttur.
Kampüste restoran var mı?,Kampüs içinde 6 adet yemekhane-kantin bulunmaktadır. https://www.omu.edu.tr/tr/haritalar?h=yemekhane sitesinden bu yemekhanelerin konumlarına bakabilirsiniz. Ayrıca bunlara ek olarak yaşam merkezinde de yemek yiyebileceğiniz yerler mevcuttur.
Kampüste market veya cafe var mı?,Kampüs içinde 6 adet yemekhane-kantin bulunmaktadır. https://www.omu.edu.tr/tr/haritalar?h=yemekhane sitesinden bu yemekhanelerin konumlarına bakabilirsiniz. Ayrıca bunlara ek olarak yaşam merkezinde de yemek yiyebileceğiniz yerler mevcuttur.
Okulda kaç tane kafe var?,Kampüs içinde 6 adet yemekhane-kantin bulunmaktadır. https://www.omu.edu.tr/tr/haritalar?h=yemekhane sitesinden bu yemekhanelerin konumlarına bakabilirsiniz. Ayrıca bunlara ek olarak yaşam merkezinde de yemek yiyebileceğiniz yerler mevcuttur.
Okulda kantin var mı?,Üniversitemize her fakültenin kafeteryası bulunmaktadır.
Okul saat kaçta açılıyor?,Samsun Valiliğinin aldığı karar ile üniversitemizin mesai saatleri 08.00-17.00 olarak belirlenmiştir.
Fakülteler saat kaçta kapanıyor ?,Samsun Valiliğinin aldığı karar ile üniversitemizin mesai saatleri 08.00-17.00 olarak belirlenmiştir.
Kütüphane saat kaça kadar açık ?,"Kütüphanemiz hafta içleri saat 08:00 – 21:00 aralığında, hafta sonları 09:00 – 16:30 saatleri aralığında açıktır. Sınav zamanı kütüphaneler 24 saat açıktır."
Kütüphane 24 saat açık mı?,"Kütüphanemiz hafta içleri saat 08:00 – 21:00 aralığında, hafta sonları 09:00 – 16:30 saatleri aralığında açıktır. Sınav zamanı kütüphaneler 24 saat açıktır."
Kütüphane ne zamana kadar açık ?,"Kütüphanemiz hafta içleri saat 08:00 – 21:00 aralığında, hafta sonları 09:00 – 16:30 saatleri aralığında açıktır. Sınav zamanı kütüphaneler 24 saat açıktır."
Kütüphanede hangi kitaplar var?,http://libra.omu.edu.tr/ adresi üzerinden kitap sorgulaması yapıp aradığınız kitapların yerlerini öğrenebilirsiniz.
Kütüphanede aradığım kitabı kolayca nasıl bulabilirim?,http://libra.omu.edu.tr/ adresi üzerinden kitap sorgulaması yapıp aradığınız kitapların yerlerini öğrenebilirsiniz.
Üniversitenin kütüphanesi her bölümün faydalanabileceği ölçüde yeterli midir ?,http://libra.omu.edu.tr/ adresi üzerinden kitap sorgulaması yapıp kütüphanenin kitap yeterliliği hakkında bilgi sahibi olabilirsiniz.
Fakültelerde ecza dolabı bulunuyor mu?,Fakültelerimizde ecza dolapları bulunmaktadır.
Bana kütüphaneden bir kitap tavsiyesi verebilir misin?,"Kütüphanemizdeki bütün kitaplar özenle seçilmiştir. Bütün kitapları okuyabilirsiniz. Yine de Yabancı(L'Étranger), Körlük (Blindness), Küçük Prens(Le Petit Prince) sıkça önerilen kitaplar arasındadır."
Kampüsten son tramvay kaçta geçiyor,Samulaş'ın sitesindeki bilgilere göre hafta içi son tramvay 23:45 de kalkmaktadır.
Farklı fakülte öğrencileriyle vakit geçirebileceğim yerler nerelerdir?,Kampüsümüzde bir adet yaşam merkezi bulunmaktadır. Burada tüm fakültelerden öğrenciler toplanır. Eğer yaşam merkezine uğrarsanız farklı fakülteden insanlar ile vakit geçirebilirsiniz.
Öğrenci yemekhanesinin ücreti ne kadar?,Üniversitemizdeki öğrenciler için güncel yemekhane ücreti 20 TL'dir.
Yemekhanede bir öğün kaç lira?,Üniversitemizdeki öğrenciler için güncel yemekhane ücreti 20 TL'dir.
Yemekhanede kaç öğün yemek çıkıyor?,Üniversitemizdeki yemekhanelerde öğlen ve akşam olmak üzere 2 öğün yemek çıkmaktadır.
Yemekhane ürün çeşitliliği ne kadar?,Yemekhanelerimizde her öğün için 4 çeşit yemek çıkmaktadır.
Hazırlık sınavını geçme notu nedir?,Hazırlık muafiyet sınavında geçme notu üniversite genelinde de olduğu gibi 60 puan olarak belirlenmiştir.
Derslerde devam zorunluluğu var mı,Üniversitemizde %70 derslere devam zorunluluğu bulunmaktadır.
Okulda devam zorunluluğu var mı?,Üniversitemizde %70 derslere devam zorunluluğu bulunmaktadır.
Devamsızlık ne kadar?,Üniversitemizde %70 derslere devam zorunluluğu bulunmaktadır.
Okulda teknopark bulunuyor mu?,Üniversitemizde 1 adet teknopark bulunmaktadır. Detaylı bilgi için https://www.samsunteknopark.com/ adresini ziyaret edebilirsiniz.
Faaliyet gösteren kulüpler neler?,"Universitemizde ders dışı zamanlarını yararlı bir şekilde geçirmeleri amacı ile kültür, sanat, spor, düşünce ve kariyer alanlarında faaliyetlerde bulunmak üzere kurulmuş 78 öğrenci topluluğu bulunmaktadır. Bu toplulukları incelemek için https://www.omu.edu.tr/tr/ogrenci/ogrenci-topluluklari adresini ziyaret edebilirsiniz."
Üniversite kulüpleri var mı?,"Universitemizde ders dışı zamanlarını yararlı bir şekilde geçirmeleri amacı ile kültür, sanat, spor, düşünce ve kariyer alanlarında faaliyetlerde bulunmak üzere kurulmuş 78 öğrenci topluluğu bulunmaktadır. Bu toplulukları incelemek için https://www.omu.edu.tr/tr/ogrenci/ogrenci-topluluklari adresini ziyaret edebilirsiniz."
Hangi kulüp ve öğrenci organizasyonlarına katılmalıyım?,"Universitemizde ders dışı zamanlarını yararlı bir şekilde geçirmeleri amacı ile kültür, sanat, spor, düşünce ve kariyer alanlarında faaliyetlerde bulunmak üzere kurulmuş 78 öğrenci topluluğu bulunmaktadır. Bu toplulukları incelemek için https://www.omu.edu.tr/tr/ogrenci/ogrenci-topluluklari adresini ziyaret edebilirsiniz."
Üniversitenin kulüpleri hakkında bilgi alabilir miyim?,"Universitemizde ders dışı zamanlarını yararlı bir şekilde geçirmeleri amacı ile kültür, sanat, spor, düşünce ve kariyer alanlarında faaliyetlerde bulunmak üzere kurulmuş 78 öğrenci topluluğu bulunmaktadır. Bu toplulukları incelemek için https://www.omu.edu.tr/tr/ogrenci/ogrenci-topluluklari adresini ziyaret edebilirsiniz."
Üniversitede En popüler kulüpler hangileri ?,"https://topluluk.omu.edu.tr/ Sitesindeki bilgilere göre en popüler topluluğun 791 kişinin bulunduğu Dağcılık ve Kış Sporları Arama Kurtarma Topluluğu, en popüler 2. topluluğun ise 724 öğrencinin bulunduğu Yabancı Diller Topluluğu olarak gözükmektedir."
Okulumuzda kulüplerine girmek için ne yapmalıyım?,Üniversitemizde kulüp temsilcileri bulunmaktadır. Bu temsilcilere ulaşarak veya düzenli olarak açılan standtları takip ederek kulüplere katılabilirsiniz.
Okulumuzda kaç bölüm bulunmaktadır?,Üniversitemizde 19 fakültede toplam 86 bölüm bulunmaktadır.
Öğrenci kartı nereden alınır,Kaydınız tamamlandıktan sonra bölüm genel sekreterliğinden öğrenci kartınızı alabilirsiniz.
Öğrenci kartını kaybettim ne yapmalıyım ?,Belli bir ücret karşılığında üniversitenin öğrenci işlerinden yeni bir kart çıkartabilirsiniz.
Seçmeli derslere nerden bakabilirim,Sosyal seçmeli dersler hakkında detalı bilgi için https://oidb.omu.edu.tr/tr/haberler/sosyal-secmeli-dersler-birim-ve-derslik-bilgileri adresini ziyaret edeilirsiniz.
Bir dönemde kaç seçmeli ders alabilirim?,Seçmeli dersler sosyal seçmeli ve teknik seçmeli dersler olarak ayrılmaktadır. Sosyal seçmeli olarak yalnızca bir ders alınabilirken teknik seçmeli dersler bölümler arasında farklılık göstermektedir.
Ders seçimlerini nereden ve nasıl yapacağım?,Ders kayıt işlemleri https://ubys.omu.edu.tr/ adresi üzerinden yapılmaktadır. Sorun yaşadığnız taktirde danışman hocanızdan yardım alabilirsiniz.
Ders kayıtları nereden yapılıyor?,Ders kayıt işlemleri https://ubys.omu.edu.tr/ adresi üzerinden yapılmaktadır. Sorun yaşadığnız taktirde danışman hocanızdan yardım alabilirsiniz.
Ders nasıl seçilir?,Ders kayıt işlemleri https://ubys.omu.edu.tr/ adresi üzerinden yapılmaktadır. Sorun yaşadığnız taktirde danışman hocanızdan yardım alabilirsiniz.
Ders seçim ekranında derslerimi göremiyorum ne yapmam lazım?,"Ders planlarınıza bağlı olarak derslerinizin sistemde gözükmemesi dersin kaldırılmış olması, kodunun değişmiş olması, dersin açılmamış veya eksik açılmış olması nedeniyle olabilir. Bu durumda danışmanınızla irtibata geçiniz. Fakat sorun çözülmeden ders kaydınızı tamamlamayınız"
Ders seçimi sırasında dersler önüme gelmiyor.,"Ders planlarınıza bağlı olarak derslerinizin sistemde gözükmemesi dersin kaldırılmış olması, kodunun değişmiş olması, dersin açılmamış veya eksik açılmış olması nedeniyle olabilir. Bu durumda danışmanınızla irtibata geçiniz. Fakat sorun çözülmeden ders kaydınızı tamamlamayınız"
Ders seçiminde derslerim sistemde gözükmüyor.,"Ders planlarınıza bağlı olarak derslerinizin sistemde gözükmemesi dersin kaldırılmış olması, kodunun değişmiş olması, dersin açılmamış veya eksik açılmış olması nedeniyle olabilir. Bu durumda danışmanınızla irtibata geçiniz. Fakat sorun çözülmeden ders kaydınızı tamamlamayınız"
Ders seçme ekranında alacağım dersler çıkmıyor ne yapmam gerekiyor?,"Ders planlarınıza bağlı olarak derslerinizin sistemde gözükmemesi dersin kaldırılmış olması, kodunun değişmiş olması, dersin açılmamış veya eksik açılmış olması nedeniyle olabilir. Bu durumda danışmanınızla irtibata geçiniz. Fakat sorun çözülmeden ders kaydınızı tamamlamayınız"
Ders kayıt aşamasında en çok hangi hususlara dikkat etmem gerekir?,"Ders kaydında üç önemli hususa dikkat etmeniz gerekir. Eksik ders alarak dönem uzatmamak için her dönem başında müfredat durum kontrolü, akademik takvimde belirtilen süre içinde kaydın tamamlanması ve danışman onayı işlemidir."
Derslere kayıt olurken nelere göre kaydolmam lazım?,"Ders kaydında üç önemli hususa dikkat etmeniz gerekir. Eksik ders alarak dönem uzatmamak için her dönem başında müfredat durum kontrolü, akademik takvimde belirtilen süre içinde kaydın tamamlanması ve danışman onayı işlemidir."
Danışman onay bittikten sonra yapmam gereken bir şey var mı?,"Danışman onayı işlemi tamamlandıktan sonra, kayıtlanmış olduğunuz dersleri tek tek kontrol ediniz. Sizin danışman onayına göndermiş olduğunuz derslerden bir veya birkaçı danışmanınız tarafından listeden çıkartılmış olabilir."
"Seçtiğim dersleri danışmana gönderdim, onaylandı. Şimdi ne yapmalıyım?","Danışman onayı işlemi tamamlandıktan sonra, kayıtlanmış olduğunuz dersleri tek tek kontrol ediniz. Sizin danışman onayına göndermiş olduğunuz derslerden bir veya birkaçı danışmanınız tarafından listeden çıkartılmış olabilir."
Geçtiğim dersi not yükseltmek için tekrar alabilir miyim,Hayır alamazsınız. Ondokuz Mayıs Üniversitesi not yükseltmek için ders tekrarına izin vermemektedir.
Sınav sonuçlarına nasıl itiraz edebilirim?,Akademik takvimde belirtilen sınav not girişlerinin sisteme girilmesinin son gününden itibaren beş iş günü içerisinde ilgili birime (Bölüm Başkanlığına ) dilekçe vererek itiraz edebilirsiniz.
Ne zamana kadar sınav sonuçlarına itiraz edebilirim?,Akademik takvimde belirtilen sınav not girişlerinin sisteme girilmesinin son gününden itibaren beş iş günü içerisinde ilgili birime (Bölüm Başkanlığına ) dilekçe vererek itiraz edebilirsiniz.
Stajlarda bütünleme sınav hakkı var mıdır?,Üniversitemizde stajlar için bütünleme sınav hakkı yoktur. Başarısız olunan stajın tekrar alınması gerekir.
Staj için bütünleme sınavı var mı?,Üniversitemizde stajlar için bütünleme sınav hakkı yoktur. Başarısız olunan stajın tekrar alınması gerekir.
Ara sınavlarda mazeret sınavı yapılıyor mu?,"Fakülte, yüksekokul ve meslek yüksekokullarında, ara sınavlardan herhangi birine haklı ve geçerli nedenlerle katılamayan öğrenciler için ara sınavlardan genellikle 1-2 hafta sonra mazeret sınavı yapılmaktadır."
Mazeret sınavı var mı?,"Fakülte, yüksekokul ve meslek yüksekokullarında, ara sınavlardan herhangi birine haklı ve geçerli nedenlerle katılamayan öğrenciler için ara sınavlardan genellikle 1-2 hafta sonra mazeret sınavı yapılmaktadır."
Mazeret sınavı ne zaman yapılıyor?,"Fakülte, yüksekokul ve meslek yüksekokullarında, ara sınavlardan herhangi birine haklı ve geçerli nedenlerle katılamayan öğrenciler için ara sınavlardan genellikle 1-2 hafta sonra mazeret sınavı yapılmaktadır."
Yarıyıl sonu / Bütünleme sınavlarının mazeret sınav hakkı var mı?,Üniversitemizde yıl sonu ve bütünleme sınavlarının mazeret sınavı yoktur.
Finallerin mazeret sınavı var mı ?,Üniversitemizde yıl sonu ve bütünleme sınavlarının mazeret sınavı yoktur.
Bütünleme için mazeret sınavı var mı ?,Üniversitemizde yıl sonu ve bütünleme sınavlarının mazeret sınavı yoktur.
Mazeret sınavına nasıl girebilirim ?,"Öğrenciler, mazeretlerine ilişkin isteklerini, mazeretin bitiminden bir hafta içerisinde ilgili Dekanlık/Müdürlüklere dilekçe ile bildirmelidir."
Mazeret sınavına girmek için almış olduğum sağlık raporunu kaç gün içinde nereye vermem gerekir?,"Öğrenciler, mazeretlerine ilişkin isteklerini, mazeretin bitiminden bir hafta içerisinde ilgili Dekanlık/Müdürlüklere dilekçe ile bildirmelidir."
Ara sınav ve yarıyıl sonu sınavları ortalama hangi oranlarda etki eder?,"Üniversitemizde ders geçme sisteminin uygulandığı birimlerde, bir dersin başarı puanı dönem içi değerlendirme puanının % 40’ı ile yarıyıl sonu veya bütünleme sınavından alınan puanın % 60’ı, Diş Hekimliği Fakültesinde dönem içi değerlendirme puanının % 50’si ile yılsonu veya bütünleme sınav puanının %50’sinin toplamıdır. Başarılı olmak için bu toplamın 60 puan ve üzerinde olması gerekmektedir."
Dersin başarı puanı neye göre belli olur?,"Üniversitemizde ders geçme sisteminin uygulandığı birimlerde, bir dersin başarı puanı dönem içi değerlendirme puanının % 40’ı ile yarıyıl sonu veya bütünleme sınavından alınan puanın % 60’ı, Diş Hekimliği Fakültesinde dönem içi değerlendirme puanının % 50’si ile yılsonu veya bütünleme sınav puanının %50’sinin toplamıdır. Başarılı olmak için bu toplamın 60 puan ve üzerinde olması gerekmektedir."
Yarıyıl/yılsonu başarı notumun en az kaç olması gerekir?,"Bir dersten başarılı sayılabilmek için; yarıyıl/yılsonu veya bütünleme sınav puanının en az 50, başarı puanının en az 60 olması zorunludur. Uzaktan eğitim öğrencilerinin başarı puanı dönem içi sınavının % 20’si ile yıl sonu sınavı puanının veya bütünleme sınavının %80’inin toplamıdır."
Derslerde nasıl başarılı sayılıyoruz ?,"Bir dersten başarılı sayılabilmek için; yarıyıl/yılsonu veya bütünleme sınav puanının en az 50, başarı puanının en az 60 olması zorunludur. Uzaktan eğitim öğrencilerinin başarı puanı dönem içi sınavının % 20’si ile yıl sonu sınavı puanının veya bütünleme sınavının %80’inin toplamıdır."
Dersi geçmek için finallerden kaç almam lazım,"Bir dersten başarılı sayılabilmek için; yarıyıl/yılsonu veya bütünleme sınav puanının en az 50, başarı puanının en az 60 olması zorunludur. Uzaktan eğitim öğrencilerinin başarı puanı dönem içi sınavının % 20’si ile yıl sonu sınavı puanının veya bütünleme sınavının %80’inin toplamıdır."
Dersleri nasıl başarılı bir şekilde geçebiliriz?,"Bir dersten başarılı sayılabilmek için; yarıyıl/yılsonu veya bütünleme sınav puanının en az 50, başarı puanının en az 60 olması zorunludur. Uzaktan eğitim öğrencilerinin başarı puanı dönem içi sınavının % 20’si ile yıl sonu sınavı puanının veya bütünleme sınavının %80’inin toplamıdır."
Devamsızlıktan kaldığım dersin bütünleme sınavına girebilir miyim?,Üniversitemizde bir dersten devamsızlıktan kalan öğrenci o dersin bütünleme sınavına giremez.
Tek ders sınavı nedir? Tek ders sınavına ne zaman başvurmam gerekir?,Müfredatınızda tanımlı bütün dersleri almış fakat mezuniyetiniz için daha önce devam şartını sağladığınız tek dersinizin kalmış olması durumunda o dersten tek ders sınavına girebilirsiniz. Bütünleme sınavlarını takip eden bir hafta içinde dilekçe ile biriminize başvurmanız ve başvurunuzun uygun görülmesi halinde on gün içinde birimlerce açılacak tek ders sınavına girebilirsiniz.
Tek ders sınavı için başvuru yapmam lazım mı?,Müfredatınızda tanımlı bütün dersleri almış fakat mezuniyetiniz için daha önce devam şartını sağladığınız tek dersinizin kalmış olması durumunda o dersten tek ders sınavına girebilirsiniz. Bütünleme sınavlarını takip eden bir hafta içinde dilekçe ile biriminize başvurmanız ve başvurunuzun uygun görülmesi halinde on gün içinde birimlerce açılacak tek ders sınavına girebilirsiniz.
Tek ders sınavı sonucunda hangi not aldığımda başarılı sayılabilirim?,Tek ders sınavında ara sınav şartı aranmaksızın en az CC alırsanız başarılı sayılırsınız.
Tek ders sınavını nasıl geçerim ?,Tek ders sınavında ara sınav şartı aranmaksızın en az CC alırsanız başarılı sayılırsınız.
Henüz staj dersimi tamamlamadığım halde tek ders sınavına girebilir miyim?,Evet. öğrenciler staj dersini tamamlamasa bile tek ders sınavına girebilirler.
Stajı vermeden tek ders sınavına girebilir miyim ?,Evet. öğrenciler staj dersini tamamlamasa bile tek ders sınavına girebilirler.
Bağıl değerlendirme nedir?,"Öğrencilerin yarıyıl içi çalışmaları (laboratuvar, kısa sınav, ödev vb.) ile ara sınav ve yarıyıl sonu sınavı katkı paylarına göre hesaplanan ağırlıklı ortalamasını, o dersi alan diğer öğrencilerin puanlarını dikkate alarak başarı düzeyini belirleyen bir sistemdir."
Bağıl değerlendirmeye dahil edilmek için alt not var mıdır?,Eğer öğrencinin ham puanı 20'nin altındaysa bağıl değerlendirmeye dahil edilmez ve FF not alır.
"Bağıl değerlendirmeye kimler girer, hangi öğrenciler girmez.",Eğer öğrencinin ham puanı 20'nin altındaysa bağıl değerlendirmeye dahil edilmez ve FF not alır.
Öğrenci sayısına göre değerlendirmelerde farklılık var mıdır?,Öğrenci sayısı 10 ve altında ise öğrenciler mutlak değerlendirmeye tabi tutulur. 11 - 29 arası farklı 30 ve üstü ise farklı kriterlere göre değerlendirilir.
Az sayıda öğrenci varsa dersin değerlendirmesi nasıl olur.,Öğrenci sayısı 10 ve altında ise öğrenciler mutlak değerlendirmeye tabi tutulur. 11 - 29 arası farklı 30 ve üstü ise farklı kriterlere göre değerlendirilir.
Bir dersten başarılı sayılabilmek için Yarıyıl/Yıl Sonu Sınavı Alt Limiti var mıdır?,100 puan üzerinden 50’nin altında not alan öğrenciler başarısız sayılır fakat bağıl değerlendirmeye dahil edilirler.
Finalden kaç alırsam dersten kalırım,100 puan üzerinden 50’nin altında not alan öğrenciler başarısız sayılır fakat bağıl değerlendirmeye dahil edilirler.
AKTS Kredi Sistemi Nedir?,"AKTS kredisi, ders ünitelerini tamamlamak için gerekli öğrenci iş yükünü gösteren (1 ile 60 arasında) sayısal bir değerdir. Bu değer, bir kurumdaki yıllık akademik çalışma içerisinde her bir dersin gerektirdiği iş yükünü gösterir. Bu iş yükü içerisine bir akademik yılda ders kapsamındaki pratik çalışmalar, seminerler, alan çalışmaları, bireysel çalışmalar, sınavlar gibi çalışmalar da girer."
AKTS ne işe yarar,"AKTS kredisi, ders ünitelerini tamamlamak için gerekli öğrenci iş yükünü gösteren (1 ile 60 arasında) sayısal bir değerdir. Bu değer, bir kurumdaki yıllık akademik çalışma içerisinde her bir dersin gerektirdiği iş yükünü gösterir. Bu iş yükü içerisine bir akademik yılda ders kapsamındaki pratik çalışmalar, seminerler, alan çalışmaları, bireysel çalışmalar, sınavlar gibi çalışmalar da girer."
Bir dersin AKTS Kredisi değeri nasıl hesaplanır?,"AKTS değeri, o dersin iş yükünün hesaplanması ile oluşur. Örneğin 2 kredilik bir ders için AKTS değerini hesaplamaya çalışalım. 2 saatlik olan ve 14 haftalık ders için; 28 saatlik derse katılım, 1 saat vize, 1 saat final sınavı, 6 saat sınava hazırlık, 14 saat ise ders ve ödev olarak düşünüldüğünde öğrenciye 50 saatlik iş yükü yüklemektedir. 50 saatlik iş yükü de 2 AKTS’lik değer oluşturmaktadır."
AKTS neye göre hesaplanır,"AKTS değeri, o dersin iş yükünün hesaplanması ile oluşur. Örneğin 2 kredilik bir ders için AKTS değerini hesaplamaya çalışalım. 2 saatlik olan ve 14 haftalık ders için; 28 saatlik derse katılım, 1 saat vize, 1 saat final sınavı, 6 saat sınava hazırlık, 14 saat ise ders ve ödev olarak düşünüldüğünde öğrenciye 50 saatlik iş yükü yüklemektedir. 50 saatlik iş yükü de 2 AKTS’lik değer oluşturmaktadır."
Üniversiteyi bitirme şartı nedir ?,"Kayıtlı olduğunuz öğretim programının ders, uygulama, staj gibi tüm gereklerini OMU Eğitim Öğretim ve Sınav Yönetmeliği hükümlerine göre başarıyla tamamlamanız ve GANO’nuzun 2,00 veya daha yüksek olması halinde diploma almaya hak kazanırsınız."
Mezun olabilme koşulları nelerdir?,"Kayıtlı olduğunuz öğretim programının ders, uygulama, staj gibi tüm gereklerini OMU Eğitim Öğretim ve Sınav Yönetmeliği hükümlerine göre başarıyla tamamlamanız ve GANO’nuzun 2,00 veya daha yüksek olması halinde diploma almaya hak kazanırsınız."
Üniversiteden nasıl mezun olurum,"Kayıtlı olduğunuz öğretim programının ders, uygulama, staj gibi tüm gereklerini OMU Eğitim Öğretim ve Sınav Yönetmeliği hükümlerine göre başarıyla tamamlamanız ve GANO’nuzun 2,00 veya daha yüksek olması halinde diploma almaya hak kazanırsınız."
Üniversitemizden mezun olabilmek için kaç AKTS krediyi kamamlamam gerekmektedir?,"5-i Dersleri dışında dört yıllık öğretim programlarında 240 AKTS, beş yıllık öğretim programlarında 300 AKTS, altı yıllık öğretim programlarında 360 AKTS ve meslek yüksekokulu programlarında ise 120 AKTS kredisini tamamlamak üniversitemizin mezun olma şartıdır."
Kaç AKTS aldıktan sonra üniversiteyi bitirebilirim,"5-i Dersleri dışında dört yıllık öğretim programlarında 240 AKTS, beş yıllık öğretim programlarında 300 AKTS, altı yıllık öğretim programlarında 360 AKTS ve meslek yüksekokulu programlarında ise 120 AKTS kredisini tamamlamak üniversitemizin mezun olma şartıdır."
Burs başvuruları ne zaman yapılır?,Burs başvuruları ilgili kurumların ilan ettiği tarihler arasında yapılmaktadır. Burs verecek kurumların duyuruları ve WEB sayfalarını takip ederek tarihler öğrenilebilir.
Bursları nasıl takip edebilirim,Burs başvuruları ilgili kurumların ilan ettiği tarihler arasında yapılmaktadır. Burs verecek kurumların duyuruları ve WEB sayfalarını takip ederek tarihler öğrenilebilir.
Hangi şartlarda bursum kesilir?,"Kredi Yurtlar Kurumu bursu için yıllık toplam kredinin % 60’ını tamamlayamadığınız takdirde, Ondokuz Mayıs Üniversitesi Vakfı bursu için 1 dersten fazla dersten başarısız olduğunuz takdirde, diğer vakıflar için alttan dersinizin bulunması halinde bursunuz kesilir. Kayıtlı olduğunuz üniversiteden başka bir üniversiteye geçiş yaptığınız takdirde de bursunuz kesilir."
Derslerden kalırsam bursum gider mi,"Kredi Yurtlar Kurumu bursu için yıllık toplam kredinin % 60’ını tamamlayamadığınız takdirde, Ondokuz Mayıs Üniversitesi Vakfı bursu için 1 dersten fazla dersten başarısız olduğunuz takdirde, diğer vakıflar için alttan dersinizin bulunması halinde bursunuz kesilir. Kayıtlı olduğunuz üniversiteden başka bir üniversiteye geçiş yaptığınız takdirde de bursunuz kesilir."
Ne olursa bursum kesilir?,"Kredi Yurtlar Kurumu bursu için yıllık toplam kredinin % 60’ını tamamlayamadığınız takdirde, Ondokuz Mayıs Üniversitesi Vakfı bursu için 1 dersten fazla dersten başarısız olduğunuz takdirde, diğer vakıflar için alttan dersinizin bulunması halinde bursunuz kesilir. Kayıtlı olduğunuz üniversiteden başka bir üniversiteye geçiş yaptığınız takdirde bursunuz kesilir."
Diploma eki nedir?,"Diploma Eki (Diploma Supplement: DS), uluslararası saydamlığı pekiştirmeyi hedefleyen ve elde edilmiş yeti ve becerilerin ifade edildiği diploma, derece, sertifika gibi belgelerin, akademik ve meslekî tanınmasını sağlamaya yönelik, bir yükseköğretim diplomasına ek olarak verilen belgedir."
Diploma eki neden gereklidir?,"Orijinal diploma ve diğer belgeler kendi başlarına yeterli açıklayıcı bilgi arz etmediklerinden dolayı, ayrıntılı ek açıklama tedarik etmeden bir diplomanın düzey ve işlevini kabul ettirmek son derece güç bir hal almıştır. Bu yüzden diploma eki gereklidir."
Diploma ekinin Avrupa’daki tanınırlığı nedir?,"Ulusal kurumlar tarafından, Avrupa Komisyonu, Avrupa Konseyi ve UNESCO tarafından ortaklaşa hazırlanmış bir şablona göre düzenlenir. Bu üç kurumun organize ettiği bir ortak kurul tarafından denenmiş ve geliştirilmiş olan bu şablon, Avrupa Birliğinin tüm resmî dillerinde düzenlenmiştir."
Diploma ekini transkript yerine kullanabilir miyim?,"Hayır, Diploma eki transkript (not çizelgesi) veya diploma yerine geçmez."
Uluslararası öğrenciler değişim programından yararlanabilirler mi?,"Üniversitemizde bulunan uluslararası öğrenciler değişim programlarından (Mevlana, Erasmus, Farabi) yararlanabilirler."
Yabancı öğrenciler Erasmus'a gidebilir mi ?,"Üniversitemizde bulunan uluslararası öğrenciler değişim programlarından (Mevlana, Erasmus, Farabi) yararlanabilirler."
Erasmus'a kimler gidebilir,"Bu faaliyetin yararlanıcıları yükseköğretim kurumlarının öğrenci ve personelidir. Ancak, başvuru, yükseköğretim kurumu ya da ulusal yükseköğretim hareketlilik konsorsiyumu koordinatörü tarafından yapılmalıdır. Bireysel başvuru kabul edilmemektedir."
Erasmus için başvuru kimler yapabilir?,"Bu faaliyetin yararlanıcıları yükseköğretim kurumlarının öğrenci ve personelidir. Ancak, başvuru, yükseköğretim kurumu ya da ulusal yükseköğretim hareketlilik konsorsiyumu koordinatörü tarafından yapılmalıdır. Bireysel başvuru kabul edilmemektedir."
Ondokuzmayıs Üniversitesi konaklama imkanı sağlıyor mu? Uluslararası öğrenciler yurtlara başvurabilir mi? Başvuru şartlan ve olanaklar nelerdir?,Üniversitemiz kampüs içinde uzun süreli konaklama imkanı sunmamaktadır. Konaklamadan öğrencinin kendisi sorumludur.
Yabancı öğrencilere yurt sağlanıyor mu ?,Üniversitemiz kampüs içinde uzun süreli konaklama imkanı sunmamaktadır. Konaklamadan öğrencinin kendisi sorumludur.
Uluslararası öğrencilerin üniversitenize kabulü nasıl gerçekleşir? Giriş koşulları nelerdir?,İnternet sayfamızda 19 Mayıs Üniversitesi Önlisans ve Lisans Düzeyinde Ondokuz Mayıs Üniversitesi Uluslararası Öğrenci Başvuru Ve Kayıt Kabul Yönergesi’nde yer alan koşulları sağlayan öğrencilerin başvuruları değerlendirmeye alınır.
Yabancı öğrenciler nasıl üniversitemize kayıt olabilir ?,İnternet sayfamızda 19 Mayıs Üniversitesi Önlisans ve Lisans Düzeyinde Ondokuz Mayıs Üniversitesi Uluslararası Öğrenci Başvuru Ve Kayıt Kabul Yönergesi’nde yer alan koşulları sağlayan öğrencilerin başvuruları değerlendirmeye alınır.
Türkçe bilmiyorum. Bu konuda nasıl yardımcı olabilirsiniz?,"Üniversitemizin Türkçe Düzeyi C1 olan diploma düzeyidir. Türkçe bilmeyen ya da dil muafiyet sınavlarında başarılı olamayan öğrencilerimiz, Üniversitemiz Türkçe Öğretimi Uygulama ve Araştırma Merkezine ya da farklı bir Türkçe Eğitim Merkezine yönlendirilmektedirler. Diploma Düzeyi Seviyesine ulaştıktan sonra kayıtlı oldukları programda akademik eğitimlerine devam edebilirler. Ayrıntılı bilgi için: http://omuturkce.omu.edu.tr/"
Yabancı öğrenciler türkçeyi nereden ve nasıl öğrenebilir ?,"Üniversitemizin Türkçe Düzeyi C1 olan diploma düzeyidir. Türkçe bilmeyen ya da dil muafiyet sınavlarında başarılı olamayan öğrencilerimiz, Üniversitemiz Türkçe Öğretimi Uygulama ve Araştırma Merkezine ya da farklı bir Türkçe Eğitim Merkezine yönlendirilmektedirler. Diploma Düzeyi Seviyesine ulaştıktan sonra kayıtlı oldukları programda akademik eğitimlerine devam edebilirler. Ayrıntılı bilgi için: http://omuturkce.omu.edu.tr/"
Transkript belgemi nasıl alabilirim?,"Öğrenimine devam eden öğrencilerimiz transkript belgelerini bölüm/program sekreterliklerine şahsen başvurarak alabilmektedirler. Mezun olan öğrencilerimiz Öğrenci İşleri Daire Başkanlığı diploma birimine şahsen müracaat ederek alabilir, kendisi gelip alamıyor ise bir dilekçe ile adresine gönderilmesini isteyebilir. Transkript belgesinin 1 (bir) adedi ücretsizdir"
Yeni mezun oldum. Diplomamı ne zaman alabilirim?,Dönem sonlarında WEB sitemizde ilan edilen takvimde belirtilen tarihlerden itibaren öğrenci kimlik kartı ve nüfus cüzdanı ile birlikte Öğrenci İşleri Daire Başkanlığı Diploma Birimine müracaat edilerek diplomalar alınabilmektedir.
Diplomamı nereden alacağım ?,Dönem sonlarında WEB sitemizde ilan edilen takvimde belirtilen tarihlerden itibaren öğrenci kimlik kartı ve nüfus cüzdanı ile birlikte Öğrenci İşleri Daire Başkanlığı Diploma Birimine müracaat edilerek diplomalar alınabilmektedir.
Nasıl üniversitenizde özel öğrenci olabilirim ?,Üniversitemiz Özel Öğrenci Yönergesi'nde istenen belgelerle ilgili Fakülte/Yüksekokula dilekçe ile başvuru yapmanız gerekir.
Özel öğrenci olarak nasıl başvuru yapabilirim?,Üniversitemiz Özel Öğrenci Yönergesi'nde istenen belgelerle ilgili Fakülte/Yüksekokula dilekçe ile başvuru yapmanız gerekir.
Üniversitenize özel öğrenci olarak kabul edildim ne yapmalıyım?,"Özel öğrenci olarak kabul edildiğiniz birime (Merkez Kampüste ise Öğrenci İşleri Daire Başkanlığı, Merkez Kampüs Dışında İse Birimlerin Kendilerine) müracaat ederek, kesin kaydınızı yaptırmanız gerekmektedir."
Yatay geçiş başvuru tarihlerini nasıl öğrenebilirim?,Üniversitemiz ve Daire Başkanlığımız internet sayfalarında yayınlanan duyuruda yatay geçiş başvuru ve değerlendirme takvimi yayınlanmaktadır. Duyuru sayfasına ulaşmak için https://oidb.omu.edu.tr/tr/ogrenci/yatay-gecis adresini ziyaret edin.
Yatay geçiş nasıl yapabilirim ?,Üniversitemiz ve Daire Başkanlığımız internet sayfalarında yayınlanan duyuruda yatay geçiş başvuru ve değerlendirme takvimi yayınlanmaktadır. Duyuru sayfasına ulaşmak için https://oidb.omu.edu.tr/tr/ogrenci/yatay-gecis adresini ziyaret edin.
Yatay geçiş türleri nelerdir? Hangi türde başvuru yapabilirim?,"Kurum içi yatay geçiş: Üniversitemiz öğrencilerinin aynı düzeydeki diğer diploma programlarına geçiş türüdür. Sadece Üniversitemiz öğrencileri başvurabilir. Kurumlar arası yatay geçiş: Bir üniversite, yüksek teknoloji enstitüsü veya vakıflar tarafından bir üniversiteye bağlı olmaksızın kurulan meslek yüksekokullarından Ondokuz Mayıs Üniversitesindeki eşdeğer eğitim veren fakülte, yüksekokul veya bölüme yapılan geçiş türüdür. Farklı kurumlarda öğrenim gören öğrenciler başvuru yapabilir."
Yatay geçiş için gerekli başarı şartları nelerdir?,"Kurumlararası yatay geçiş başvurusu yapabilmek için öğrencinin kayıtlı olduğu programda bitirmiş olduğu dönemlere ait genel not ortalamasının; önlisans programları için 100 üzerinden en az 60 veya 4 üzerinden en az 2.00; lisans programları için 100 üzerinden en az 70 veya 4 üzerinden en az 2.50, Tıp Fakültesi öğrencileri için ise 100 üzerinden en az 70 veya 4 üzerinden en az 2,91 olması gerekmektedir. Ortalama şartını sağlayan öğrencilerin başarısız dersleri olması başvurularının değerlendirilmesine engel değildir."
Hangi şartlarda yatay geçiş yapabilirim ?,"Kurumlararası yatay geçiş başvurusu yapabilmek için öğrencinin kayıtlı olduğu programda bitirmiş olduğu dönemlere ait genel not ortalamasının; önlisans programları için 100 üzerinden en az 60 veya 4 üzerinden en az 2.00; lisans programları için 100 üzerinden en az 70 veya 4 üzerinden en az 2.50, Tıp Fakültesi öğrencileri için ise 100 üzerinden en az 70 veya 4 üzerinden en az 2,91 olması gerekmektedir. Ortalama şartını sağlayan öğrencilerin başarısız dersleri olması başvurularının değerlendirilmesine engel değildir."
Yatay geçiş yapabilme koşulu nedir ?,"Kurumlararası yatay geçiş başvurusu yapabilmek için öğrencinin kayıtlı olduğu programda bitirmiş olduğu dönemlere ait genel not ortalamasının; önlisans programları için 100 üzerinden en az 60 veya 4 üzerinden en az 2.00; lisans programları için 100 üzerinden en az 70 veya 4 üzerinden en az 2.50, Tıp Fakültesi öğrencileri için ise 100 üzerinden en az 70 veya 4 üzerinden en az 2,91 olması gerekmektedir. Ortalama şartını sağlayan öğrencilerin başarısız dersleri olması başvurularının değerlendirilmesine engel değildir."
Birden fazla üniversiteye yatay geçiş başvurusu yapabilir miyim?,"Farklı üniversitelere yatay geçiş başvurusu yapabilirsiniz. Birden çok yere kayıt hakkı kazanmanız durumunda, öğrenim görmek istediğiniz üniversiteye kaydınızı yaptırarak eğitiminize devam edebilirsiniz."
Yatay geçişle yabancı uyruklu öğrenci alıyor musunuz?,Kontenjan tablosunda yabancı uyruklu öğrenci kontenjanı bulunan programlara yatay geçiş başvurusu yapabilirsiniz.
Kayıtlı olduğum programı uzatmam durumunda katkı payını öder miyim?,Evet. Program süresini aşmanız durumunda ilgili dönem katkı payı ücreti ödenir.
Öğrenci harç iademi nasıl alabilirim?,"İade gerekçenizi belirtir bir dilekçe ve kendi adınıza açılmış hesaba ait 26 haneli IBAN numaranızı belirtir banka çıktı görüntüsü ile Öğrenci İşleri Daire Başkanlığı harç bürosuna başvurmanız sonrasında, iade gerekçenizin haklı görülmesi halinde iade alabilirsiniz."
Üniversitenizde kayıtlı öğrenciyim. Engelli raporum bulunmaktadır. Öğrenim ücretinin ne kadarını yatırmalıyım?,"Engelli olduğunuza dair sağlık raporunun aslı ve bir dilekçe ile birlikte okulunuz öğrenci işlerine müracaat etmeniz durumunda, engel oranınız kadar öğrenim ücretinden indirim yapılacaktır."
Muafiyet talep ettiğim dersin notu en az ne olmadır?,Bir dersten muaf olabilmesi için notunun en az CC ve üzeri olması gerekir. Fakat şartlı geçer statüsündeki ve bu derslerden geçmiş olmanız şartı ile daha alt notlardan da muafiyet talep edilebilir.
Daha önceden başardığım derslerden muaf tutulabilmem için ne yapmam gerekir?,"Fakülteye/yüksekokula/meslek yüksekokuluna ilk kez kayıt yaptıran öğrenciler, eğitim öğretimin başladığı tarihten itibaren üç hafta içinde daha önce öğrenim gördüğü yükseköğretim kurumlarında aldığı ve başarılı olduğu dersler için muaf olmak istediği dersleri içeren bir dilekçe, onaylı transkript ve onaylı ders içerikleriyle ile birlikte ilgili birime başvurabilirler."
Üniversiteden kaydımı sildirmek için ne yapmam gerekir?,"Kendiniz tarafından doldurulacak ilişik kesme formunu, form üzerinde belirtilen merkezlerde onaylattıktan sonra öğrenci işleri daire başkanlığına vermeniz yeterli olacaktır. Kaydınızın silinmesi ile birlikte öğrencilik hakkınız sona erer."
Sportif faaliyet dolayısıyla maksimum ne kadar izinli sayılabilirim?,"Üniversite tarafından görevlendirilmiş iseniz, görevli olduğunuz sürece izinli sayılırsınız. Ancak, izinli sayıldığınız süre de dahil, toplam devamsızlık süresi bir dersin o yarıyıldaki/yıldaki toplam saatinin % 50’sini aşamazsınız."
En fazla ne kadar süre kayıt dondurabilirim?,"Bir defada iki yarıyıla kadar olmak üzere, öğrenim süresi boyunca en fazla dört yarıyıl/iki yıl kaydınızı dondurulabilirsiniz."
Herhangi bir nedenle öğrenime ara vermek (kayıt dondurma) mümkün müdür?,"Evet. Öğrencilere, kanıtlayacakları önemli nedenlerin veya eğitim öğretimlerine katkıda bulunacak Üniversite dışı burs, staj, araştırma ve benzeri imkânların ortaya çıkması halinde ilgili yönetim kurulu kararı kayıt dondurabilirler."
Ders ekleme/çıkarma nedir? Bu işlemi nasıl yapmalıyım?,Seçmiş olduğunuz derslerden açılmayan seçmeli ders olduğunda veya değiştirmek istediğiniz dersler için Akademik Takvimde belirtilen süreler içerisinde danışmanınızla irtibata geçerek yapabileceğiniz işlemdir.
Danışmanın kayıt olmak istediğim derslerde değişiklik yapma hakkı var mıdır?,Evet. Ondokuz Mayıs Üniversitesi Eğitim Öğretim ve Sınav Yönetmeliğinin 10. Maddesi 3. Fıkrası kapsamında danışman bu hakkını kullanabilir.
"Derslerde kontenjan dolu uyarısı veriyor, dersi seçemiyorum, ne yapmalıyım?",Öncelikle alabileceğiniz diğer seçmeli veya grup dersini almaya çalışmalısınız. Tüm kontenjanlar doluysa danışmanınızla iletişime geçmeniz gerekmektedir.
Bir dönemde kaç AKTS'lik ders alma hakkım bulunmaktadır?,"Bir dönemde 30 AKTS'lik ders alma hakkınız bulunmaktadır. Fakat başarı durumunuza göre ilave olarak 6, 10, 12 veya 15 AKTS oranlarında fazla ders alabilirsiniz."
Sistem giriş şifremi unuttuğum için sisteme giriş yapamıyorum. Ne yapmalıyım?,"Eğitim gördüğünüz birime ait bölüm sekreterine ulaşarak, eğer sekreterinize ulaşamıyorsanız, 0 362 312 19 40 numaralı hattı arayarak şifrenizi sıfırlattıktan sonra ubs.omu.edu.tr adresinde yer alan İLK ŞİFRE OLUŞTUR linkini tıklayarak yeniden şifrenizi oluşturabilirsiniz"
Daha önce başarısız olduğum derslere devam zorunluluğum var mı?,"Tekrar alınan derslerin devam koşulu yerine getirilmişse, yeniden devam koşulu aranmaz. Fakat başarısız olduğunuz seçmeli ders yerine yeni seçtiğiniz seçmeli derse devam şartınız doğacaktır."
Seçmeli dersten başarısız oldum. Yerine başka seçmeli ders seçebilir miyim?,Evet. UBS’den ders seçimi yaparken almak istediğiniz seçmeli dersi seçip yerine değiştirmek istediğiniz diğer seçmeli dersin yerine alıyorum işlemini yapmanız gerekmektedir. Yerine ders seçme işlemini yapmazsanız bir sonraki dönemde sorun yaşayabilirsiniz.
Hangi durumda üst sınıftan ders alabilirim?,"Birinci yarıyıl sonundan itibaren; varsa öncelikle daha önce alıp başarısız olduğunuz dersleri ve öğrenim gördüğünüz yarıyıllarda almadığınız ders veya dersleri aldıktan sonra, her yarıyıl sonunda oluşan, genel not ortalamasına göre bir üst sınıftan kredi sınırları içerisinde kalarak ders alabilirsiniz."
Üniversitede toplam kaç profesör var?,Ondokuz Mayıs Üniversitesinde 560 profesör bulunmaktadır.
Üniversitede toplam kaç tane akademik personel var ?,Ondokuz Mayıs Üniversitesinde toplam 2497 akademik personel bulunmaktadır.
Üniversitede kaç tane Tubitak projesi var ?,2023 Yılı verilerine göre üniversitemizde toplam 42 adet Tubitak projesi bulunmaktadır.
Üniversitenin akademik personellerinin yaşları hakkında bilgi verir misin ?,"Üniversitemizde 25 yaşından küçük olan 12 akademisyen, 26-30 yaşları arasında 339 akademisyen, 31-35 yaşları arasında 491 akademisyen, 36-40 yaşları arasında 379 akademisyen, 41-50 yaşları arasında 617 akademisyen ve 51 yaşının üzerinde olan 659 akademisyen bulunmaktadır."
Mühendislik fakültesinde kaç adet profesör var ?,Mühendislik Fakültesinde 42 profesör bulunmaktadır.
Mühendislik fakültesinde kaç tane akademik personel var ?,Mühendislik Fakültesinde toplam 157 akademik personel bulunmaktadır.
En çok profesörün olduğu bölüm ve fakülte hangileridir ?,Üniversitemizde en çok profesör bulunduran fakülte 170 profesörle Tıp fakültesidir. Dahili Tıp Bilimleri Bölümü ise en çok profesör bulunduran bölümdür. Bu bölümde 87 profesör bulunmaktadır.
Bilgisayar Mühendisliği bölümünde kaç profesör bulunmaktadır?,Bilgisayar Mühendisliği fakültesinde 1 profesör bulunmaktadır.
Akademik Personelin Yabancı Dil İstatistikleri hakkında bilgi verir misin ?,"Üniversitemizde İngilizce yabancı dili bulunan 2059 akademisyen, Almanca dili bulunan 77 akademisyen, Fransızca dili bulunan 45 akademisyen, Arapça dili bulunan 42 akademisyen, Rusça dili bulunan 12 akademisyen, Farsça dili bulunan 6 akademisyen, İspanyolca dili bulunan 4 akademisyen ve İtalyanca dili bulunan 3 akademisyen vardır."
Akademik Personelin Cinsiyet İstatistikleri hakkında bilgi verir misin ?,"Üniversitemizde Toplam 1120 kadın adakemisyen ve 1377 erkek akademisyen bulunmaktadır. Bu verileri oranlarsak üniversitemizde %45 oranında kadın akademisyen, %55 oranında erkek akademisyen bulunmaktadır."
Üniversitedeki profesörlerin cinsiyet istatistikleri hakkında bilgi verir misin?,"Üniversitemizde Toplam 154 kadın profesör ve 406 erkek profesör bulunmaktadır. Bu verileri oranlarsak üniversitemizde %28 oranında kadın profesör, %72 oranında erkek profesör bulunmaktadır."
Üniversite öğrencilerinin cinsiyet istatistiklerini verir misin ?,"Üniversitemizde Toplam 13886 kız lisans öğrencisi ve 13327 erkek lisans öğrencisi bulunmaktadır. Bu verileri oranlarsak üniversitemizde %51 oranında kız öğrenci, %49 oranında erkek öğrenci bulunmaktadır."
Mühendislik fakültesinde kaç öğrenci var ?,Mühendislik Fakültesinde lisans seviyesinde 3192 öğrenci bulunmaktadır.
Bilgisayar mühendisliği bölümünde kaç adet öğrenci bulunuyor ?,Bilgisayar Mühendisliği Bölümünde lisans seviyesinde 519 öğrenci bulunmaktadır.
Bilgisayar mühendisliği bölümünde kaç adet laboratuvar bulunmaktadır ?,Bilgisayar Mühendisliği bölümünün internet sitesinden alınan bilgilere göre bölümde 11 adet laboratuvar bulunmaktadır.
Bilgisayar mühendisliği için ders programını nereden bulabilirim ?,Bilgisayar Mühendisliği bölümünün ders programını https://bil-muhendislik.omu.edu.tr/tr/egitim/ders-programlari adresinde bulabilirsiniz.
Bilgisayar mühendisliği öğretim üyeleri kimlerdir ?,https://bil-muhendislik.omu.edu.tr/tr/personel/ogretim-uyeleri Adresinden bilgisayar mühendisliği öğretim üyelerini ve uzmanlık alanlarını inceleyebilirsiniz.
